country,ticker,price_file,start_price_date,end_price_date,n_price_bars,n_releases_retained,n_releases_traded,error_message,baseline_best_model,baseline_best_hypothese,baseline_best_horizon,baseline_ret_moy_pct,baseline_sharpe,baseline_n_trades,best_model,best_hypothese,best_vwap_mode,best_wait_min,best_horizon,best_ret_moy_pct,best_hit_rate_pct,best_sharpe,best_n_trades,limit_touch_best_ret_moy_pct,limit_touch_best_sharpe,limit_touch_best_horizon,limit_touch_best_wait_min,random_side_median_ret_pct,random_side_p95_ret_pct,random_side_percentile,random_ts_median_ret_pct,random_ts_p95_ret_pct,random_ts_percentile,shift_minus_1_ret_pct,shift_plus_1_ret_pct,time_shift_decay_score,placebo_warning,cost_break_even_bps,ret_after_10bps_pct,ret_after_20bps_pct,ret_after_30bps_pct,train_ret_moy_pct,train_sharpe,test_ret_moy_pct,test_sharpe,train_test_decay,train_test_warning,walk_forward_years,walk_forward_positive_years,walk_forward_positive_ratio,worst_walk_forward_year,worst_walk_forward_ret_pct,perf_concentration_warning,pct_preopen_entries,pct_intraday_entries,pct_zero_returns,median_entry_delay_min,median_vwap_wait_min,classification,confidence_score,main_warning,interpretation_short
US,BLFS,blfs_dataset_London-Strategic-Edge.csv,2015-01-02 14:47:00+00:00,2024-12-31 20:59:00+00:00,404591,2417,1399,,MACRO_NO_VWAP,FADE,30min,0.06614477969409846,1.0942086433058917,2176,MACRO_VWAP_CLOSE_CROSS,FADE,tol_bps,60,15min,0.2191566651474526,50.619732275656915,4.450273735911645,2017,0.08845617136395992,1.5235841899162739,30min,60,0.1995830816809624,0.2691162834407438,66.0,0.011867361508547159,0.053266109091043505,100.0,0.29768250071424,0.20982833832865994,-0.3583091370456554,shift reste fort,30,0.11915666514745252,0.019156665147452446,-0.08084333485254751,0.27322585097081814,2.70346190205135,0.1339228853510054,0.7907550989958341,1.9127068030555159,Sharpe TEST s'effondre,9,8,0.8888888888888888,2020,-0.09709377516489562,,99.4,0.6,2.599,90.0,5.0,C_VWAP_DRIVEN_OR_SUSPECT,51,random side proche du vrai modele ou time-shift fort. | PRE_OPEN dominant,"Edge surtout VWAP/intraday, peu lie a la direction macro."
US,BOOT,boot_dataset_London-Strategic-Edge.csv,2015-01-02 14:30:00+00:00,2024-12-31 20:59:00+00:00,768289,2417,1402,,MACRO_NO_VWAP,DRIFT,close,0.15575222817467319,2.300034089194604,2181,MACRO_VWAP_CLOSE_CROSS,DRIFT,tol_bps,60,close,0.2675976036165249,52.952290977798775,4.048688019174922,2117,0.17299850884462833,2.560510471414881,close,30,0.1069705355895256,0.1991160662989716,99.0,0.02187695689514081,0.10191264676184837,100.0,0.20199718462701757,-0.10210315541623785,0.24514576402378635,shift reste fort,30,0.16759760361652484,0.06759760361652473,-0.03240239638347526,0.1842443999636853,4.623724057940622,-0.04410749574379683,-1.029675989913831,5.653400047854453,TEST <= 0 (overfit probable),9,6,0.6666666666666666,2022,-0.2933194429601711,~116% perf sur 2020,99.4,0.6,0.698,90.0,3.0,D_REJECT,38,ne survit pas a un ou plusieurs tests cles. | ~116% perf sur 2020 | PRE_OPEN dominant,"Fragile : test faible/negatif, couts, ou ne bat pas random."
US,ENVX,envx_dataset_London-Strategic-Edge.csv,2021-07-15 13:30:00+00:00,2024-12-31 20:59:00+00:00,328985,2417,515,,MACRO_NO_VWAP,DRIFT,120min,0.2203589114721691,1.5158524887652127,832,MACRO_VWAP_CLOSE_CROSS,DRIFT,tol_bps,30,120min,0.285566598449677,52.638522427440634,2.0162373774627356,758,0.209930024897151,1.4632010275005316,120min,60,0.10837239290630513,0.3208916319598183,92.0,0.004876116971756038,0.09202992533906916,100.0,0.17235659301219644,0.17927431793850812,0.372215381939705,,30,0.18556659844967696,0.08556659844967686,-0.014433401550323178,0.201701741316037,2.078745760051245,-0.05253904173584615,-0.4014997973232275,2.480245557374473,TEST <= 0 (overfit probable),3,1,0.3333333333333333,2022,-0.2364889924349977,,99.2,0.8,0.52,90.0,2.0,D_REJECT,41,ne survit pas a un ou plusieurs tests cles. | PRE_OPEN dominant,"Fragile : test faible/negatif, couts, ou ne bat pas random."
US,GPRO,gpro_dataset_London-Strategic-Edge.csv,2015-01-02 14:30:00+00:00,2024-12-31 20:59:00+00:00,945703,2417,1402,,MACRO_NO_VWAP,FADE,close,0.03279949500301811,0.4792553406315926,2181,MACRO_VWAP_CLOSE_CROSS,FADE,tol_atr,30,120min,0.13593015302629513,51.994091580502214,2.4530857926695493,2031,0.04734612835953724,1.2405549835745093,30min,120,0.09082090979622459,0.17977434087258504,78.0,0.00437741750082528,0.06987070359705173,100.0,-0.018641579747327098,0.05526806045103635,0.5934083849641149,,20,0.035930153026295035,-0.06406984697370505,-0.164069846973705,0.13538369259182417,1.855422134422527,0.10071007343311511,1.3497519300695544,0.5056702043529726,,9,5,0.5555555555555556,2020,-0.10623255304610923,~130% perf sur 2018,99.4,0.6,1.97,90.0,2.0,C_VWAP_DRIVEN_OR_SUSPECT,48,random side proche du vrai modele ou time-shift fort. | ~130% perf sur 2018 | PRE_OPEN dominant,"Edge surtout VWAP/intraday, peu lie a la direction macro."
US,IRTC,irtc_dataset_London-Strategic-Edge (1).csv,2016-10-20 14:51:00+00:00,2024-12-31 20:59:00+00:00,495489,2417,1199,,MACRO_NO_VWAP,FADE,close,0.0961582038111284,1.2163335971801117,1937,MACRO_VWAP_CLOSE_CROSS,FADE,strict,60,15min,0.18594233349556338,52.112676056338024,4.860627118933278,1917,0.16596832102595394,2.1099158150295008,close,60,0.1548659672272209,0.20697338401188742,80.0,0.020599409832922914,0.04592649713503264,100.0,0.16886694312013686,0.19208830565909188,-0.03305310871381067,shift reste fort,20,0.08594233349556328,-0.014057666504436756,-0.11405766650443669,0.1936407963756099,4.008115909535899,0.16074380135581484,2.8451429098134295,1.1629729997224696,,8,7,0.875,2023,-0.08589172002462245,,99.4,0.6,0.319,90.0,5.0,C_VWAP_DRIVEN_OR_SUSPECT,65,random side proche du vrai modele ou time-shift fort. | PRE_OPEN dominant,"Edge surtout VWAP/intraday, peu lie a la direction macro."
US,IRTC,irtc_dataset_London-Strategic-Edge.csv,2016-10-20 14:51:00+00:00,2024-12-31 20:59:00+00:00,495489,2417,1199,,MACRO_NO_VWAP,FADE,close,0.0961582038111284,1.2163335971801117,1937,MACRO_VWAP_CLOSE_CROSS,FADE,strict,60,15min,0.18594233349556338,52.112676056338024,4.860627118933278,1917,0.16596832102595394,2.1099158150295008,close,60,0.1547228989562966,0.207137625208499,83.0,0.02101524700382592,0.05362514302583544,100.0,0.16886694312013686,0.19208830565909188,-0.03305310871381067,shift reste fort,20,0.08594233349556328,-0.014057666504436756,-0.11405766650443669,0.1936407963756099,4.008115909535899,0.16074380135581484,2.8451429098134295,1.1629729997224696,,8,7,0.875,2023,-0.08589172002462245,,99.4,0.6,0.319,90.0,5.0,C_VWAP_DRIVEN_OR_SUSPECT,66,random side proche du vrai modele ou time-shift fort. | PRE_OPEN dominant,"Edge surtout VWAP/intraday, peu lie a la direction macro."
US,KOP,kop_dataset_London-Strategic-Edge.csv,2015-01-02 14:30:00+00:00,2024-12-31 20:59:00+00:00,380036,2417,1402,,MACRO_NO_VWAP,DRIFT,close,0.1587477446410383,2.5776837380413564,2181,MACRO_VWAP_CLOSE_CROSS,DRIFT,tol_bps,60,close,0.26975793762250005,54.18886198547216,4.4753896349344515,2065,0.17684599740636603,2.8693758153469786,close,60,0.11950172393804585,0.21965564547380995,99.0,0.011721088870123667,0.07073233766066304,100.0,0.12053096895797696,0.12857725450202007,0.5233606260663536,,30,0.16975793762249997,0.0697579376224999,-0.03024206237750002,0.15410198319128582,4.444655795341661,-0.03805038041443144,-0.9313727869475715,5.376028582289233,TEST <= 0 (overfit probable),9,7,0.7777777777777778,2017,-0.08088683407381132,,99.3,0.7,1.039,90.0,8.0,D_REJECT,52,ne survit pas a un ou plusieurs tests cles. | PRE_OPEN dominant,"Fragile : test faible/negatif, couts, ou ne bat pas random."
US,LONDON-STRATEGIC-EDGE,lmb_dataset_London-Strategic-Edge.csv,2016-11-16 14:31:00+00:00,2024-12-31 20:59:00+00:00,152743,2417,1189,,MACRO_NO_VWAP,DRIFT,15min,0.1054794892973071,2.315862941417072,1925,MACRO_VWAP_CLOSE_CROSS,DRIFT,strict,120,15min,0.25693506216327405,53.821823932525035,5.719220369298617,1897,0.1330278416015978,2.831105029455341,15min,30,0.21987433333801876,0.284767513729702,77.0,0.11567715501224574,0.15406592663629518,100.0,0.2427808197215728,0.1634256466611612,0.055088792952308986,shift reste fort,30,0.1569350621632739,0.05693506216327389,-0.04306493783672605,0.31300288107335816,5.504864260877656,0.1223923927715128,1.7903208087853841,3.714543452092272,Sharpe TEST s'effondre,8,8,1.0,2019,0.011973662244177273,,99.3,0.7,2.919,105.0,8.0,C_VWAP_DRIVEN_OR_SUSPECT,58,random side proche du vrai modele ou time-shift fort. | PRE_OPEN dominant,"Edge surtout VWAP/intraday, peu lie a la direction macro."
US,LMND,lmnd_dataset_London-Strategic-Edge.csv,2020-07-02 15:33:00+00:00,2024-12-31 20:59:00+00:00,418696,2417,723,,MACRO_NO_VWAP,DRIFT,30min,0.263913918653831,2.899083967369593,1221,MACRO_VWAP_CLOSE_CROSS,DRIFT,tol_bps,30,15min,0.20295438051598216,50.42253521126761,3.046291689423066,1065,0.26396313313518105,2.8524314103741353,30min,30,0.05977199344273504,0.15984656570736816,100.0,-0.01087350253133912,0.0335989240880576,100.0,0.12213876878882557,0.022067323539852093,0.3981959469004541,,30,0.10295438051598207,0.002954380515982004,-0.09704561948401792,0.3677836003641074,3.221742687101636,-0.0420159996550209,-0.2978620406591808,3.5196047277608167,TEST <= 0 (overfit probable),4,3,0.75,2021,-0.13038072727403796,~75% perf sur 2022,99.4,0.6,0.326,90.0,2.0,D_REJECT,42,ne survit pas a un ou plusieurs tests cles. | ~75% perf sur 2022 | PRE_OPEN dominant,"Fragile : test faible/negatif, couts, ou ne bat pas random."
US,LUMN,lumn_dataset_London-Strategic-Edge.csv,2020-09-18 13:30:00+00:00,2024-12-31 20:59:00+00:00,418467,2417,669,,MACRO_NO_VWAP,DRIFT,15min,0.05012098791168688,0.9545156521346271,1116,MACRO_VWAP_CLOSE_CROSS,DRIFT,tol_atr,60,30min,0.09705121211182945,51.026119402985074,1.5936449322966622,1072,0.1301315851474481,1.2354587923536486,close,30,0.08628651106305649,0.17509216132834032,56.00000000000001,0.018873347806416314,0.05141935233786879,100.0,0.00586643607048173,0.04570256082296647,0.529088201698041,,10,-0.002948787888170629,-0.10294878788817065,-0.20294878788817056,0.19616588071479948,2.2804618063171787,-0.4528443603465892,-1.4702739873518276,3.7507357936690062,TEST <= 0 (overfit probable),4,0,0.0,2023,-0.2635290959787465,,99.3,0.7,1.575,90.0,2.0,D_REJECT,6,ne survit pas a un ou plusieurs tests cles. | PRE_OPEN dominant,"Fragile : test faible/negatif, couts, ou ne bat pas random."
US,PLAY,play_dataset_London-Strategic-Edge.csv,2015-01-02 14:30:00+00:00,2024-12-31 20:59:00+00:00,871668,2417,1402,,MACRO_NO_VWAP,FADE,15min,0.05155454830055695,1.4180110262917325,2181,MACRO_VWAP_CLOSE_CROSS,FADE,strict,60,15min,0.10076026128362199,52.96313579094727,2.9368698176081183,2143,0.09691965807447622,2.682995130602648,15min,30,0.06856436226274068,0.11768898854952431,87.0,0.006289812267337871,0.032387149593011325,100.0,0.005883025282661476,0.08596259723773471,0.14686011982674918,shift reste fort,20,0.000760261283621926,-0.09923973871637808,-0.19923973871637796,0.13084277318772974,2.69304274487939,0.01954215985542363,0.46622125005447534,2.2268214948249145,Sharpe TEST s'effondre,9,7,0.7777777777777778,2021,-0.07752748020008374,,99.4,0.6,0.404,90.0,3.0,C_VWAP_DRIVEN_OR_SUSPECT,67,random side proche du vrai modele ou time-shift fort. | PRE_OPEN dominant,"Edge surtout VWAP/intraday, peu lie a la direction macro."
US,REAL,real_dataset_London-Strategic-Edge.csv,2019-06-28 14:48:00+00:00,2024-12-31 20:59:00+00:00,511530,2417,890,,MACRO_NO_VWAP,DRIFT,close,0.261062060102205,1.8999088849327093,1522,MACRO_VWAP_CLOSE_CROSS,DRIFT,tol_bps,30,close,0.4185504316766067,53.68577810871184,2.960710280867545,1343,0.22490424062262307,1.6583760201936928,close,120,0.08820381144844797,0.31182396914034644,99.0,-0.0007996261990426683,0.116175525201558,100.0,-0.11916978952061712,-0.34458108631624873,0.17672743775237687,shift reste fort,50,0.3185504316766066,0.2185504316766065,0.11855043167660644,0.5110590949708689,3.268204918949154,0.14129976519648177,0.44768154370042645,2.8205233752487278,Sharpe TEST s'effondre,5,4,0.8,2021,-0.20225222596052275,,99.1,0.9,1.156,90.0,3.0,C_VWAP_DRIVEN_OR_SUSPECT,77,random side proche du vrai modele ou time-shift fort. | PRE_OPEN dominant,"Edge surtout VWAP/intraday, peu lie a la direction macro."
US,RVLV,rvlv_dataset_London-Strategic-Edge.csv,2019-06-07 14:40:00+00:00,2024-12-31 20:59:00+00:00,496327,2417,898,,MACRO_NO_VWAP,DRIFT,close,0.23726091597518223,2.1992680114297207,1531,MACRO_VWAP_CLOSE_CROSS,DRIFT,tol_bps,120,close,0.36500130574757206,50.67204301075269,3.509109958179895,1488,0.2736896526515279,2.5427500940493046,close,120,0.0789742058851634,0.26453034703780803,100.0,-0.012842356560159092,0.09154072574566917,100.0,0.04040450147938308,-0.11377422983366292,0.6882908963828557,,50,0.26500130574757197,0.16500130574757188,0.06500130574757187,0.4811100501510773,3.635228352878545,0.05133439922466972,0.3617516627500893,3.2734766901284558,Sharpe TEST s'effondre,5,4,0.8,2024,-0.01543580059943627,,99.2,0.8,0.555,90.0,2.5,A_CLEAN_MACRO_SIGNAL,86,PRE_OPEN dominant,"Signal macro propre, robuste, execution VWAP credible."
US,SAM,sam_dataset_London-Strategic-Edge.csv,2015-01-02 14:32:00+00:00,2024-12-31 20:59:00+00:00,427421,2417,1402,,MACRO_NO_VWAP,FADE,30min,0.0596633544226938,2.216280255250329,2181,MACRO_VWAP_CLOSE_CROSS,FADE,tol_atr,30,15min,0.10994929368456008,53.38582677165354,5.2556704221861485,1905,0.0754908357599141,2.7726808823600044,30min,30,0.05141833368197249,0.085552476953208,100.0,0.0032560576941161826,0.02291449234600014,100.0,0.04635363966187891,0.06099508343656233,0.44524351732940937,,20,0.009949293684560032,-0.09005070631543999,-0.19005070631543994,0.14243603552048603,5.641374663522545,0.041478053142934804,1.114234347740712,4.527140315781834,Sharpe TEST s'effondre,9,7,0.7777777777777778,2023,-0.02366853137285527,,99.4,0.6,0.389,90.0,5.0,A_CLEAN_MACRO_SIGNAL,80,PRE_OPEN dominant,"Signal macro propre, robuste, execution VWAP credible."
US,SMTC,smtc_dataset_London-Strategic-Edge.csv,2015-01-02 14:30:00+00:00,2024-12-31 20:59:00+00:00,760741,2417,1402,,MACRO_NO_VWAP,FADE,15min,0.03982293886136933,1.6459664110293422,2181,MACRO_VWAP_CLOSE_CROSS,FADE,strict,30,15min,0.16079527318905384,54.80038022813688,7.0545354129218145,2104,0.07172962228951668,3.1215915436570403,15min,120,0.11970902469742752,0.1464970910881475,99.0,0.008661369530175263,0.026395168359021667,100.0,0.08872352364997732,0.09800737693483592,0.39048347012287804,,20,0.06079527318905377,-0.039204726810946236,-0.13920472681094614,0.17239839325245376,6.768245234343715,0.13512669155261653,2.8894569673634822,3.878788266980233,Sharpe TEST s'effondre,9,9,1.0,2018,0.023337491240655754,,99.4,0.6,1.119,90.0,4.0,A_CLEAN_MACRO_SIGNAL,82,PRE_OPEN dominant,"Signal macro propre, robuste, execution VWAP credible."
US,VIAV,viav_dataset_London-Strategic-Edge.csv,2015-08-04 13:30:00+00:00,2024-12-31 20:59:00+00:00,862722,2417,1339,,MACRO_NO_VWAP,FADE,15min,0.07679062340314698,3.661457822267372,2109,MACRO_VWAP_CLOSE_CROSS,FADE,tol_bps,120,30min,0.12129600194745109,53.02013422818792,5.780520305052161,2086,0.0906717305826091,4.523708489988059,15min,30,0.06887928236549622,0.10015681519581081,100.0,0.007940653294353233,0.028604243183771454,100.0,0.06910851151995784,0.07926503813390093,0.3465156570598195,,20,0.021296001947451022,-0.07870399805254898,-0.17870399805254894,0.10986217371404407,5.163061737016982,0.08737541697665682,2.6378013922057297,2.525260344811252,,9,9,1.0,2020,0.03344160830519263,,99.3,0.7,1.888,90.0,2.0,A_CLEAN_MACRO_SIGNAL,82,PRE_OPEN dominant,"Signal macro propre, robuste, execution VWAP credible."
US,VREX,vrex_dataset_London-Strategic-Edge.csv,2017-01-30 14:30:00+00:00,2024-12-31 20:59:00+00:00,436898,2417,1168,,MACRO_NO_VWAP,FADE,15min,0.029256127013494847,1.1134007601906104,1902,MACRO_VWAP_CLOSE_CROSS,FADE,strict,60,15min,0.18310692800655182,56.62586482171368,7.996699570621183,1879,0.08446663272912719,3.4928690379671323,15min,120,0.16759739013887753,0.19734814311854085,81.0,0.02257390272126899,0.04154441145955853,100.0,0.09954552389527505,0.1710099242629834,0.0660652432721474,shift reste fort,20,0.08310692800655174,-0.016893071993448257,-0.11689307199344821,0.21125084492467547,6.860420236476884,-0.016680358298467656,-0.4052882538917044,7.2657084903685885,TEST <= 0 (overfit probable),7,5,0.7142857142857143,2022,-0.045562082201848896,,99.3,0.7,1.528,90.0,6.0,D_REJECT,32,ne survit pas a un ou plusieurs tests cles. | PRE_OPEN dominant,"Fragile : test faible/negatif, couts, ou ne bat pas random."
US,VSAT,vsat_dataset_London-Strategic-Edge.csv,2015-01-02 14:30:00+00:00,2024-12-31 20:59:00+00:00,712288,2417,1402,,MACRO_NO_VWAP,FADE,15min,0.017353557676715696,0.5957367235640966,2181,MACRO_VWAP_CLOSE_CROSS,FADE,tol_bps,30,15min,0.11535651902634445,53.196681307955096,4.829273569980521,2049,0.04206788980499259,1.4658885886302537,15min,120,0.10240028372125058,0.13623842317162457,76.0,0.004768691256940776,0.026242379495289056,100.0,0.07817469899374202,0.13687197776503734,-0.18651272524771076,shift reste fort,20,0.015356519026344374,-0.08464348097365564,-0.18464348097365557,0.1878035332741301,6.021309100349017,0.02727156565140147,0.3003287708969854,5.720980329452031,Sharpe TEST s'effondre,9,8,0.8888888888888888,2024,-0.2856165923920218,,99.4,0.6,0.505,90.0,4.0,C_VWAP_DRIVEN_OR_SUSPECT,53,random side proche du vrai modele ou time-shift fort. | PRE_OPEN dominant,"Edge surtout VWAP/intraday, peu lie a la direction macro."
